{
  "objects": [
    {
      "type": "CameraBounds",
      "leftBound": 0,
      "rightBound": 31,
      "lowerBound": 0,
      "upperBound": 100
    },
    {
      "type": "Platform",
      "translation": {
        "x": 3,
        "y": 2
      }
    },
    {
      "type": "Platform",
      "translation": {
        "x": 7.5,
        "y": 5
      }
    },
    {
      "type": "Wall",
      "translation": {
        "x": 0,
        "y": 0
      }
    },
    {
      "type": "Wall",
      "translation": {
        "x": 28,
        "y": 0
      }
    },
    {
      "type": "Floor",
      "translation": {
        "x": 3,
        "y": 0
      }
    },
    {
      "type": "Floor",
      "translation": {
        "x": 3,
        "y": -1
      }
    },
    {
      "type": "Floor",
      "translation": {
        "x": 9,
        "y": 0
      }
    },
    {
      "type": "Floor",
      "translation": {
        "x": 9,
        "y": -1
      }
    },
    {
      "type": "Wall",
      "translation": {
        "x": 16.5,
        "y": -11
      }
    },
    {
      "type": "Floor",
      "translation": {
        "x": 16.5,
        "y": 7.85
      }
    },
    {
      "type": "Platform",
      "translation": {
        "x": 15,
        "y": 15
      }
    },
    {
      "type": "Platform",
      "translation": {
        "x": 15,
        "y": 12
      }
    },
    {
      "type": "Platform",
      "translation": {
        "x": 20,
        "y": 8.5
      }
    },
    {
      "type": "Wall",
      "translation": {
        "x": 0,
        "y": 18
      }
    },
    {
      "type": "Wall",
      "translation": {
        "x": 28,
        "y": 18
      }
    },
    {
      "type": "Platform",
      "translation": {
        "x": 3,
        "y": 16
      }
    },
    {
      "type": "Platform",
      "translation": {
        "x": 1,
        "y": 19
      }
    },
    {
      "type": "Floor",
      "translation": {
        "x": 6,
        "y": 21
      }
    },
    {
      "type": "GustSpawner",
      "translation": {
        "x": 28,
        "y": 8.5
      },
      "parameter": {
        "offset": 100,
        "interval": 4,
        "rotation": 180,
        "lifespan": 5,
        "speed": 8
      }
    },
    {
      "type": "GustSpawner",
      "translation": {
        "x": 28,
        "y": 18.5
      },
      "parameter": {
        "offset": 100,
        "interval": 4,
        "rotation": 180,
        "lifespan": 5,
        "speed": 8
      }
    }
  ]
}